id,target
0.4937977,0
0.42699605,0
0.17456038,0
0.17221129,0
0.6126903,1
0.42009377,0
0.11949773,0
0.33753103,0
0.23231582,0
0.3188035,0
0.08495727,0
0.23593523,0
0.15493445,0
0.22636358,0
0.24177036,0
0.6673567,1
0.23187923,0
0.37430027,0
0.5026037,1
0.6329445,1
0.13726611,0
0.6585674,1
0.8153732,1
0.8983983,1
0.45199835,0
0.92138606,1
0.29646444,0
0.87701106,1
0.47619662,0
0.6304942,1
0.8799179,1
0.39651993,0
0.5168097,1
0.4171558,0
0.41184378,0
0.5066187,1
0.5434989,1
0.48788473,0
0.7491574,1
0.13802487,0
0.2406901,0
0.6146127,1
0.43425006,0
0.7535365,1
0.28435013,0
0.35357106,0
0.8682405,1
0.37480837,0
0.6074136,1
0.37480837,0
0.35524714,0
0.39681816,0
0.20821683,0
0.37480837,0
0.25196537,0
0.29903248,0
0.5946155,1
0.21894252,0
0.25676343,0
0.25196537,0
0.83086354,1
0.8772372,1
0.8408503,1
0.882575,1
0.8197656,1
0.7745605,1
0.6468637,1
0.8822266,1
0.43221855,0
0.32218271,0
0.5331761,1
0.9043286,1
0.86585003,1
0.86395234,1
0.86585003,1
0.8846503,1
0.90581924,1
0.6206456,1
0.7406861,1
0.35870183,0
0.7415567,1
0.28106555,0
0.8378866,1
0.3897189,0
0.88732314,1
0.8682145,1
0.55923337,1
0.91378254,1
0.9066183,1
0.9066183,1
0.52445495,1
0.72187144,1
0.4330118,0
0.73051906,1
0.5060587,1
0.53976756,1
0.5555541,1
0.79257387,1
0.55562145,1
0.50609374,1
0.46363148,0
0.54905266,1
0.5898013,1
0.054275803,0
0.57638156,1
0.20354383,0
0.8818662,1
0.37015733,0
0.5745396,1
0.8818662,1
0.8818662,1
0.382285,0
0.21389996,0
0.34491807,0
0.8818662,1
0.8818662,1
0.16386527,0
0.8818662,1
0.8818662,1
0.79698783,1
0.8818662,1
0.8818662,1
0.8818662,1
0.8818662,1
0.08272698,0
0.82640076,1
0.61398476,1
0.7131376,1
0.12057869,0
0.2505417,0
0.8729043,1
0.08272522,0
0.37732106,0
0.3662596,0
0.34118098,0
0.44912487,0
0.32381523,0
0.86500204,1
0.1362243,0
0.6139848,1
0.544966,1
0.6139848,1
0.17281431,0
0.2515152,0
0.13409568,0
0.14700763,0
0.1430282,0
0.42322338,0
0.24605858,0
0.19276148,0
0.32209057,0
0.74295634,1
0.3149839,0
0.32749927,0
0.3082931,0
0.73696184,1
0.3198966,0
0.083220735,0
0.43633723,0
0.31498387,0
0.3149839,0
0.3149839,0
0.7969709,1
0.77231234,1
0.3149839,0
0.74726933,1
0.89986,1
0.18517281,0
0.84950083,1
0.8528011,1
0.34037396,0
0.28278187,0
0.41126394,0
0.15063591,0
0.5952546,1
0.068502404,0
0.86673677,1
0.915759,1
0.43881625,0
0.23644918,0
0.18517281,0
0.49283463,0
0.79454243,1
0.41126394,0
0.3151891,0
0.8369338,1
0.600795,1
0.22004513,0
0.71734375,1
0.9134254,1
0.3763314,0
0.88757175,1
0.62283313,1
0.6804093,1
0.33382264,0
0.20435295,0
0.4797576,0
0.9188205,1
0.72337955,1
0.18517281,0
0.48895335,0
0.5479322,1
0.37019047,0
0.14747356,0
0.5138532,1
0.870056,1
0.463067,0
0.20848425,0
0.4165584,0
0.92237145,1
0.43914214,0
0.6573702,1
0.7427301,1
0.2976258,0
0.5287569,1
0.8882632,1
0.06974636,0
0.8328195,1
0.8328195,1
0.92079484,1
0.8328195,1
0.8328195,1
0.43752602,0
0.72842234,1
0.19124825,0
0.8328195,1
0.24248858,0
0.8328195,1
0.6409529,1
0.16272153,0
0.3012028,0
0.5301204,1
0.6396727,1
0.5257051,1
0.14405116,0
0.19820054,0
0.24262491,0
0.32209057,0
0.5966343,1
0.27578285,0
0.49036902,0
0.4609122,0
0.53097296,1
0.20298488,0
0.36585334,0
0.27675316,0
0.3218752,0
0.2501412,0
0.39094183,0
0.4424663,0
0.40668872,0
0.57216763,1
0.46878973,0
0.6298186,1
0.50336397,1
0.2886915,0
0.28673247,0
0.29787394,0
0.29787394,0
0.29903248,0
0.32868606,0
0.3206776,0
0.28673247,0
0.5997256,1
0.327652,0
0.29787394,0
0.269979,0
0.37713972,0
0.49630117,0
0.06664683,0
0.21601826,0
0.46142027,0
0.4860658,0
0.14894769,0
0.13199343,0
0.055340584,0
0.08741616,0
0.4080659,0
0.36968705,0
0.4860658,0
0.17462555,0
0.5161562,1
0.06716093,0
0.4860658,0
0.15590551,0
0.06825948,0
0.06825948,0
0.04357148,0
0.13662614,0
0.3133124,0
0.518486,1
0.11773487,0
0.24578303,0
0.09773819,0
0.4741592,0
0.24578303,0
0.18611649,0
0.45313537,0
0.64887726,1
0.5462648,1
0.77691853,1
0.18228656,0
0.90461856,1
0.69796443,1
0.83278066,1
0.7185491,1
0.43982446,0
0.6333571,1
0.27722755,0
0.88016087,1
0.836648,1
0.53922284,1
0.21832196,0
0.54711974,1
0.46051908,0
0.27722755,0
0.39429712,0
0.5798157,1
0.81952214,1
0.18989208,0
0.7280323,1
0.5011315,1
0.465498,0
0.35312963,0
0.4299329,0
0.6477728,1
0.45868364,0
0.07075768,0
0.9108736,1
0.34092498,0
0.72352874,1
0.46957645,0
0.5899907,1
0.59845936,1
0.7091407,1
0.60673624,1
0.59703326,1
0.59845936,1
0.9145488,1
0.7499147,1
0.6700023,1
0.7280609,1
0.3817314,0
0.6140734,1
0.8715107,1
0.58544964,1
0.7713879,1
0.8449642,1
0.80182874,1
0.29903248,0
0.4793219,0
0.2807068,0
0.09212598,0
0.34264094,0
0.18180041,0
0.34778672,0
0.22596656,0
0.5245107,1
0.46795657,0
0.36697504,0
0.562249,1
0.1171581,0
0.26343003,0
0.83406943,1
0.7167155,1
0.55369157,1
0.6811641,1
0.2745085,0
0.24578303,0
0.7716221,1
0.3283664,0
0.5474294,1
0.6554826,1
0.29632226,0
0.53474945,1
0.17787008,0
0.5041385,1
0.74599594,1
0.7852888,1
0.2643287,0
0.31829056,0
0.3911317,0
0.46970886,0
0.41108873,0
0.5916848,1
0.14480308,0
0.33554044,0
0.31362793,0
0.5910922,1
0.69888455,1
0.86101687,1
0.23676713,0
0.4772835,0
0.74309105,1
0.33396274,0
0.34838206,0
0.6595083,1
0.30255988,0
0.4673595,0
0.7564081,1
0.414866,0
0.5902266,1
0.5520635,1
0.7343521,1
0.6825064,1
0.82521045,1
0.86296093,1
0.6582009,1
0.29903248,0
0.7369853,1
0.91427803,1
0.75054234,1
0.76223636,1
0.8408896,1
0.4728027,0
0.8651692,1
0.5475834,1
0.5400428,1
0.7951723,1
0.58956635,1
0.468268,0
0.65807945,1
0.80025494,1
0.64310986,1
0.9045512,1
0.8200685,1
0.6504036,1
0.87345755,1
0.60532796,1
0.9190677,1
0.58335614,1
0.5199319,1
0.8089173,1
0.8953061,1
0.7875794,1
0.89059275,1
0.5199319,1
0.87345755,1
0.483424,0
0.65567327,1
0.87339556,1
0.33514047,0
0.52635556,1
0.9302297,1
0.5232383,1
0.69201374,1
0.64243627,1
0.49710867,0
0.8977734,1
0.45206717,0
0.60119724,1
0.69272,1
0.6916868,1
0.7541537,1
0.2919055,0
0.43876237,0
0.61812603,1
0.48640066,0
0.65228933,1
0.7470695,1
0.52558213,1
0.7121065,1
0.77715755,1
0.5666256,1
0.68923444,1
0.8984837,1
0.2972624,0
0.56584567,1
0.75854963,1
0.75854963,1
0.5327767,1
0.344668,0
0.34138718,0
0.19903311,0
0.20891531,0
0.3951453,0
0.41809687,0
0.6595487,1
0.16808696,0
0.7069109,1
0.105953306,0
0.33176792,0
0.73933065,1
0.18573548,0
0.16740635,0
0.22541541,0
0.43447658,0
0.15735936,0
0.28209576,0
0.71743023,1
0.2103437,0
0.8279762,1
0.8687606,1
0.267703,0
0.12585257,0
0.13806307,0
0.25590423,0
0.2574524,0
0.44178393,0
0.4667211,0
0.738286,1
0.66739905,1
0.83218277,1
0.5318729,1
0.3258262,0
0.67924607,1
0.8320974,1
0.68638736,1
0.6447364,1
0.66739905,1
0.88835114,1
0.89571846,1
0.2355394,0
0.72706246,1
0.81540436,1
0.74145234,1
0.8905418,1
0.78103536,1
0.75318706,1
0.28327447,0
0.6013976,1
0.76128554,1
0.5938335,1
0.8694403,1
0.846091,1
0.8895925,1
0.62840396,1
0.74264425,1
0.44764036,0
0.16454634,0
0.38720796,0
0.6930078,1
0.26416695,0
0.34392667,0
0.4358216,0
0.08278326,0
0.3717537,0
0.72924817,1
0.2035797,0
0.24371703,0
0.85789305,1
0.5691621,1
0.5259096,1
0.9083218,1
0.11618013,0
0.42236707,0
0.78775495,1
0.23814496,0
0.6178164,1
0.5873003,1
0.6601786,1
0.2587331,0
0.3353913,0
0.3024698,0
0.2115861,0
0.23814496,0
0.19128227,0
0.27111754,0
0.2765984,0
0.12838832,0
0.23227915,0
0.3561283,0
0.45724618,0
0.47461608,0
0.2952439,0
0.36412272,0
0.27941138,0
0.7501456,1
0.85291666,1
0.2541733,0
0.3691195,0
0.3666993,0
0.48214015,0
0.5414824,1
0.7072129,1
0.099921666,0
0.41999164,0
0.38282377,0
0.44400716,0
0.3575787,0
0.45926678,0
0.58559823,1
0.42869148,0
0.37154046,0
0.51430887,1
0.20427276,0
0.40588537,0
0.6409554,1
0.66773766,1
0.5390801,1
0.24168485,0
0.6809774,1
0.81501937,1
0.1818689,0
0.16726342,0
0.39754692,0
0.03977826,0
0.8810934,1
0.36203498,0
0.72693425,1
0.85789305,1
0.31137472,0
0.48838022,0
0.07465588,0
0.8872021,1
0.5400708,1
0.2955255,0
0.6249841,1
0.041775685,0
0.15219297,0
0.24492335,0
0.2038965,0
0.6249841,1
0.46098134,0
0.15746489,0
0.3503691,0
0.5357987,1
0.47203857,0
0.3757907,0
0.9047252,1
0.61288375,1
0.44509277,0
0.54397094,1
0.47203857,0
0.6494382,1
0.2633757,0
0.632719,1
0.4817903,0
0.9047252,1
0.89244926,1
0.3480998,0
0.26433662,0
0.25590423,0
0.28078252,0
0.21895571,0
0.82578385,1
0.2986785,0
0.903972,1
0.084528066,0
0.89556825,1
0.3153217,0
0.21891123,0
0.17146167,0
0.25056505,0
0.25590423,0
0.2702062,0
0.12913978,0
0.41127446,0
0.67428994,1
0.17551203,0
0.35150504,0
0.15963231,0
0.41112277,0
0.24698295,0
0.09497729,0
0.40392664,0
0.15023448,0
0.50338554,1
0.22707106,0
0.4065958,0
0.3682191,0
0.5655765,1
0.5285342,1
0.39043078,0
0.43647444,0
0.24858682,0
0.27123898,0
0.24983259,0
0.6889054,1
0.20199943,0
0.38988325,0
0.42587206,0
0.67007595,1
0.32676736,0
0.33449262,0
0.13387364,0
0.2551215,0
0.6269243,1
0.262199,0
0.3450408,0
0.38988322,0
0.25156507,0
0.9062296,1
0.90926456,1
0.8901671,1
0.5484891,1
0.7248309,1
0.7457896,1
0.56230843,1
0.916808,1
0.5216961,1
0.7248309,1
0.41262412,0
0.7210963,1
0.57202655,1
0.4845021,0
0.8084119,1
0.7579819,1
0.7677253,1
0.7911634,1
0.65935177,1
0.801777,1
0.8976498,1
0.79443276,1
0.88170373,1
0.90279347,1
0.7584382,1
0.900308,1
0.20822962,0
0.40941322,0
0.58812946,1
0.57502276,1
0.71354496,1
0.20822962,0
0.8548683,1
0.53177947,1
0.4489786,0
0.4759315,0
0.7837778,1
0.6470598,1
0.5978731,1
0.6636101,1
0.16885066,0
0.3065535,0
0.5978731,1
0.92702025,1
0.79682285,1
0.61120176,1
0.8741899,1
0.6962997,1
0.58580816,1
0.78031075,1
0.63178355,1
0.73946863,1
0.4829996,0
0.63066924,1
0.6360368,1
0.43115664,0
0.74264836,1
0.71250886,1
0.31544673,0
0.17883997,0
0.67913014,1
0.32817873,0
0.70149183,1
0.43300736,0
0.35491878,0
0.20195062,0
0.24578303,0
0.47093418,0
0.15937611,0
0.15153001,0
0.3173527,0
0.18591572,0
0.17536883,0
0.6000789,1
0.67355305,1
0.5666158,1
0.09500988,0
0.25590423,0
0.34377328,0
0.570065,1
0.70235974,1
0.43851754,0
0.6637864,1
0.6810001,1
0.23793063,0
0.3265487,0
0.68256104,1
0.13008477,0
0.37269312,0
0.29903248,0
0.7061866,1
0.43748903,0
0.42428118,0
0.4678377,0
0.3181911,0
0.4357416,0
0.3498234,0
0.48081324,0
0.24091625,0
0.14342062,0
0.4496693,0
0.6081508,1
0.5710646,1
0.6917347,1
0.21833052,0
0.38780525,0
0.19573893,0
0.5965984,1
0.73983765,1
0.31336322,0
0.18707435,0
0.25318304,0
0.5367789,1
0.25155798,0
0.32076105,0
0.39138776,0
0.47656563,0
0.2147322,0
0.29352158,0
0.6740961,1
0.45099232,0
0.5696472,1
0.5379504,1
0.3432972,0
0.6447775,1
0.49859524,0
0.12009561,0
0.7140007,1
0.60977507,1
0.5788679,1
0.33517992,0
0.29138783,0
0.6784591,1
0.31747147,0
0.6450549,1
0.22927445,0
0.58468753,1
0.59621197,1
0.854593,1
0.30158463,0
0.8715268,1
0.5146063,1
0.8156462,1
0.865691,1
0.4596771,0
0.26142037,0
0.26965344,0
0.7365676,1
0.25917786,0
0.30870503,0
0.42718697,0
0.29979882,0
0.86201763,1
0.26965338,0
0.3644376,0
0.25447288,0
0.57121706,1
0.48609805,0
0.44304383,0
0.19553925,0
0.17310631,0
0.772318,1
0.62208587,1
0.6502227,1
0.75087994,1
0.8968913,1
0.2814471,0
0.5684687,1
0.6686327,1
0.55624664,1
0.55520946,1
0.24769239,0
0.5016767,1
0.60333806,1
0.7732308,1
0.5148583,1
0.22163598,0
0.2975979,0
0.37308598,0
0.3046518,0
0.536985,1
0.4457461,0
0.17613687,0
0.095662124,0
0.25873148,0
0.188665,0
0.770275,1
0.13742717,0
0.31973064,0
0.41829315,0
0.8641628,1
0.45767495,0
0.6843271,1
0.40031996,0
0.45741695,0
0.624283,1
0.6176565,1
0.44904485,0
0.77994096,1
0.4812473,0
0.47506025,0
0.430063,0
0.8632638,1
0.19646081,0
0.14580211,0
0.19587214,0
0.43314564,0
0.31510282,0
0.17622559,0
0.09613713,0
0.0910653,0
0.3237417,0
0.30095994,0
0.4420179,0
0.2373789,0
0.35522398,0
0.11994685,0
0.42437965,0
0.08934228,0
0.1842481,0
0.14498529,0
0.0990249,0
0.26216745,0
0.09549527,0
0.4975761,0
0.1852934,0
0.8802886,1
0.47824776,0
0.54583335,1
0.34713462,0
0.15787417,0
0.42644817,0
0.13660616,0
0.5320179,1
0.117815375,0
0.43638715,0
0.19096473,0
0.20122668,0
0.5778989,1
0.45501295,0
0.599499,1
0.08450659,0
0.24005757,0
0.49244344,0
0.31979063,0
0.8672706,1
0.20906968,0
0.45112094,0
0.3752501,0
0.7857123,1
0.40443844,0
0.3658756,0
0.54060143,1
0.18567088,0
0.38983417,0
0.8860857,1
0.298187,0
0.85817015,1
0.18629114,0
0.1978943,0
0.16176577,0
0.872962,1
0.3071927,0
0.20893933,0
0.17125759,0
0.23359199,0
0.84988946,1
0.22021846,0
0.29073024,0
0.23125723,0
0.16060299,0
0.3911858,0
0.16201563,0
0.729108,1
0.48718792,0
0.33775917,0
0.10795448,0
0.29136717,0
0.25546855,0
0.14505847,0
0.32116625,0
0.9114588,1
0.814642,1
0.6698978,1
0.5038974,1
0.6995508,1
0.5207333,1
0.8146421,1
0.49285093,0
0.3832836,0
0.64957756,1
0.689368,1
0.28690758,0
0.751456,1
0.7507656,1
0.6578795,1
0.20385158,0
0.7398386,1
0.7164951,1
0.5830512,1
0.5454351,1
0.46863672,0
0.7656336,1
0.8533108,1
0.3802898,0
0.086626485,0
0.42771468,0
0.04464794,0
0.6662644,1
0.8701814,1
0.29709867,0
0.23929197,0
0.24188288,0
0.4802658,0
0.05552614,0
0.8756787,1
0.87756777,1
0.22755706,0
0.22829303,0
0.50730115,1
0.4685672,0
0.2937915,0
0.38002655,0
0.2937915,0
0.4519544,0
0.20463191,0
0.66242224,1
0.6252985,1
0.32411763,0
0.7166763,1
0.5178106,1
0.7782582,1
0.24578303,0
0.34315336,0
0.23818,0
0.5505387,1
0.3671092,0
0.2937915,0
0.55635244,1
0.6759214,1
0.79167145,1
0.7960126,1
0.5193037,1
0.5509434,1
0.798963,1
0.22906514,0
0.9109569,1
0.73589444,1
0.2792234,0
0.42238924,0
0.12408233,0
0.41059694,0
0.4255622,0
0.35305429,0
0.19350833,0
0.4216176,0
0.4216176,0
0.22319722,0
0.10945877,0
0.77886635,1
0.4216176,0
0.64948,1
0.180187,0
0.26343384,0
0.4216176,0
0.24606702,0
0.73415035,1
0.41506714,0
0.54067874,1
0.180187,0
0.83800673,1
0.36934516,0
0.605537,1
0.8949349,1
0.68029135,1
0.23338524,0
0.7044452,1
0.17569943,0
0.8889807,1
0.40984395,0
0.78968585,1
0.28923896,0
0.68309927,1
0.59807366,1
0.13643114,0
0.58960223,1
0.791406,1
0.30687678,0
0.86261725,1
0.91325706,1
0.13643114,0
0.36402124,0
0.14171396,0
0.13573042,0
0.7751376,1
0.23349442,0
0.42795008,0
0.7811501,1
0.24966419,0
0.7407999,1
0.31355885,0
0.36717972,0
0.4515104,0
0.4839842,0
0.22153616,0
0.3298859,0
0.6121129,1
0.11135676,0
0.17865972,0
0.4120513,0
0.33310243,0
0.19233268,0
0.32980022,0
0.6277278,1
0.36808044,0
0.37240553,0
0.35744804,0
0.52293146,1
0.8886866,1
0.83687925,1
0.38918558,0
0.33112377,0
0.63266116,1
0.080354825,0
0.5799914,1
0.31456044,0
0.32946473,0
0.13818233,0
0.20766184,0
0.6913234,1
0.46734452,0
0.31809172,0
0.2037066,0
0.11092346,0
0.037934918,0
0.4166003,0
0.18574932,0
0.04299394,0
0.91810906,1
0.78078717,1
0.49109694,0
0.1945633,0
0.89695543,1
0.044679437,0
0.66321355,1
0.8551609,1
0.868826,1
0.83345556,1
0.05879191,0
0.8884571,1
0.1078141,0
0.14136215,0
0.28250024,0
0.21839371,0
0.55105513,1
0.50629014,1
0.33172575,0
0.20844172,0
0.4197229,0
0.39719018,0
0.1549777,0
0.23325929,0
0.4548209,0
0.19259551,0
0.9001005,1
0.37883532,0
0.5566454,1
0.4197229,0
0.5197861,1
0.13920605,0
0.33243957,0
0.16167226,0
0.20523994,0
0.2155297,0
0.18746348,0
0.18088184,0
0.27598462,0
0.16943589,0
0.43796968,0
0.23798531,0
0.18609829,0
0.16167226,0
0.18492769,0
0.35447434,0
0.62264234,1
0.46529415,0
0.64931536,1
0.54090095,1
0.7116527,1
0.52749866,1
0.46529415,0
0.46529415,0
0.46529415,0
0.60990536,1
0.52749866,1
0.48530596,0
0.56750995,1
0.33102027,0
0.52749866,1
0.54090095,1
0.66352564,1
0.37319666,0
0.4918668,0
0.64231414,1
0.30645776,0
0.6721666,1
0.49110103,0
0.55161494,1
0.6971498,1
0.8183873,1
0.8845249,1
0.08630964,0
0.2476282,0
0.55161494,1
0.41232133,0
0.24525516,0
0.6798346,1
0.31258553,0
0.40334365,0
0.21460234,0
0.804892,1
0.5209282,1
0.8987985,1
0.69694245,1
0.89764154,1
0.28661963,0
0.18706681,0
0.22457482,0
0.38230005,0
0.42193636,0
0.32065532,0
0.6772068,1
0.90732354,1
0.41571274,0
0.45083162,0
0.65214366,1
0.4735638,0
0.59393054,1
0.29871383,0
0.44556043,0
0.3274931,0
0.42138317,0
0.33948848,0
0.3914803,0
0.49736816,0
0.36402124,0
0.91002065,1
0.42138317,0
0.5955028,1
0.1929715,0
0.27523988,0
0.3752037,0
0.3752037,0
0.3661238,0
0.6107146,1
0.67164546,1
0.8762087,1
0.5591939,1
0.8107047,1
0.14866346,0
0.2526193,0
0.16344516,0
0.3752037,0
0.61896396,1
0.23381354,0
0.5606079,1
0.19367455,0
0.575387,1
0.6383816,1
0.30248475,0
0.21507011,0
0.32561916,0
0.30248475,0
0.6179288,1
0.30466574,0
0.2338135,0
0.526815,1
0.22430271,0
0.13167363,0
0.85769016,1
0.7320754,1
0.4118087,0
0.38288662,0
0.42724907,0
0.36088604,0
0.5143663,1
0.25986093,0
0.8104408,1
0.43157157,0
0.41412267,0
0.16555537,0
0.5306454,1
0.6724455,1
0.41061208,0
0.42724907,0
0.87754375,1
0.805232,1
0.8610441,1
0.48948026,0
0.8610441,1
0.76823795,1
0.18960378,0
0.5884023,1
0.4001232,0
0.47961026,0
0.6496597,1
0.741405,1
0.88907677,1
0.42724907,0
0.8351157,1
0.83744925,1
0.3917737,0
0.18752329,0
0.3068261,0
0.9051175,1
0.43478662,0
0.40466344,0
0.40466344,0
0.76929164,1
0.8990499,1
0.8990499,1
0.40466344,0
0.7275894,1
0.55924845,1
0.7991708,1
0.7960661,1
0.4254034,0
0.22670676,0
0.29670665,0
0.29464528,0
0.14428242,0
0.5338685,1
0.29061496,0
0.39881614,0
0.69867736,1
0.23706377,0
0.51034933,1
0.3139832,0
0.38737085,0
0.8955827,1
0.7550855,1
0.57377267,1
0.613158,1
0.36045846,0
0.7464068,1
0.88101906,1
0.875516,1
0.54288435,1
0.7091379,1
0.28895697,0
0.22569026,0
0.38449252,0
0.4529263,0
0.4655823,0
0.13076203,0
0.24316068,0
0.30440542,0
0.040886648,0
0.8131316,1
0.27048305,0
0.41727358,0
0.3815426,0
0.21425124,0
0.9026417,1
0.60864556,1
0.23524208,0
0.5704584,1
0.13076203,0
0.41910967,0
0.20742175,0
0.289949,0
0.50175655,1
0.2763155,0
0.45803615,0
0.41509676,0
0.2594209,0
0.26238325,0
0.21641648,0
0.6201133,1
0.5531174,1
0.17131466,0
0.5923069,1
0.65828544,1
0.064863324,0
0.85148484,1
0.08596479,0
0.6052876,1
0.25506842,0
0.3613898,0
0.6052876,1
0.44566116,0
0.5681996,1
0.53100795,1
0.47343725,0
0.82253855,1
0.564009,1
0.8883981,1
0.45777622,0
0.6076972,1
0.3716471,0
0.77562463,1
0.86624,1
0.11641608,0
0.25160044,0
0.36798358,0
0.73474526,1
0.43214116,0
0.6076972,1
0.633061,1
0.6674482,1
0.80674654,1
0.7157967,1
0.85792184,1
0.81692076,1
0.64257044,1
0.8512288,1
0.86668944,1
0.74079174,1
0.8520849,1
0.7957483,1
0.6914802,1
0.7009395,1
0.8356859,1
0.6683793,1
0.54012716,1
0.78503424,1
0.22826406,0
0.6393076,1
0.43245396,0
0.29513848,0
0.19666441,0
0.3325194,0
0.5126927,1
0.051933814,0
0.1697974,0
0.1697974,0
0.08070903,0
0.09850366,0
0.34522614,0
0.058247555,0
0.56477326,1
0.044905316,0
0.19666441,0
0.14004418,0
0.24413507,0
0.22450384,0
0.46080616,0
0.3207465,0
0.33097947,0
0.54015446,1
0.6746536,1
0.25590423,0
0.37539342,0
0.048696734,0
0.16597112,0
0.28998083,0
0.92640144,1
0.8671026,1
0.09697319,0
0.30755988,0
0.4370246,0
0.18238042,0
0.092227995,0
0.1419018,0
0.35499746,0
0.4879646,0
0.14767049,0
0.0766689,0
0.7719243,1
0.745226,1
0.61296046,1
0.56239945,1
0.8701563,1
0.41782555,0
0.55584866,1
0.74390423,1
0.58338267,1
0.65900165,1
0.29080856,0
0.6561417,1
0.87700254,1
0.2227679,0
0.12000869,0
0.186128,0
0.08559271,0
0.32242733,0
0.1831994,0
0.119711176,0
0.57827955,1
0.46668336,0
0.47810787,0
0.25389382,0
0.66148114,1
0.18212274,0
0.8061054,1
0.6608651,1
0.83119744,1
0.42093915,0
0.29360136,0
0.19995235,0
0.18447344,0
0.2645503,0
0.59958273,1
0.870896,1
0.2319839,0
0.82066876,1
0.18209608,0
0.19995235,0
0.46877968,0
0.6397876,1
0.25015536,0
0.7400432,1
0.6975786,1
0.16834055,0
0.16834055,0
0.8421386,1
0.893877,1
0.7828277,1
0.32379925,0
0.27682197,0
0.8591633,1
0.32208323,0
0.5403058,1
0.5798518,1
0.31792626,0
0.56464976,1
0.34130338,0
0.086504065,0
0.46259025,0
0.3016647,0
0.4921302,0
0.060879014,0
0.24157988,0
0.89790183,1
0.8825375,1
0.26065028,0
0.1755733,0
0.8147426,1
0.6640189,1
0.7084074,1
0.21760593,0
0.24372132,0
0.36992553,0
0.6031153,1
0.7347937,1
0.25590423,0
0.5560369,1
0.48746815,0
0.4336664,0
0.28548223,0
0.27847335,0
0.34543258,0
0.37641242,0
0.12974839,0
0.94542176,1
0.94542176,1
0.85574317,1
0.4423488,0
0.26206386,0
0.8317947,1
0.10670005,0
0.21667162,0
0.94542176,1
0.8367649,1
0.76358664,1
0.49791256,0
0.47329268,0
0.19709253,0
0.43261176,0
0.39736012,0
0.5158529,1
0.44505155,0
0.3845355,0
0.48907545,0
0.89061546,1
0.08418362,0
0.37186936,0
0.2881044,0
0.9023434,1
0.3845355,0
0.109761514,0
0.2669675,0
0.6533924,1
0.409116,0
0.36626124,0
0.37244758,0
0.16737221,0
0.51886827,1
0.8263286,1
0.29486042,0
0.11602027,0
0.3545972,0
0.053692065,0
0.14182511,0
0.6813008,1
0.8088863,1
0.11305588,0
0.14067489,0
0.21028341,0
0.118463755,0
0.14142102,0
0.2937291,0
0.0983933,0
0.27160865,0
0.2842062,0
0.11403434,0
0.149262,0
0.30159312,0
0.5925627,1
0.10784768,0
0.07225771,0
0.27743262,0
0.18587679,0
0.17525002,0
0.08145824,0
0.14841779,0
0.23919077,0
0.14879635,0
0.37926906,0
0.077827044,0
0.72962767,1
0.6540322,1
0.72041744,1
0.67258453,1
0.59245026,1
0.76410604,1
0.5974821,1
0.23176736,0
0.47403175,0
0.6149538,1
0.92026186,1
0.87267053,1
0.45043722,0
0.629004,1
0.2977825,0
0.8970243,1
0.27009705,0
0.72057223,1
0.35321584,0
0.75419444,1
0.90038985,1
0.2898793,0
0.23309302,0
0.28654325,0
0.85849833,1
0.073988914,0
0.20696273,0
0.18275625,0
0.6307989,1
0.3716316,0
0.2898793,0
0.59213185,1
0.054359935,0
0.31886625,0
0.29426005,0
0.4139436,0
0.095632575,0
0.09157478,0
0.28613213,0
0.42012307,0
0.8096366,1
0.42952773,0
0.17714073,0
0.097236045,0
0.21392934,0
0.5899603,1
0.1370318,0
0.35530066,0
0.87444586,1
0.634739,1
0.73094255,1
0.87664557,1
0.2497867,0
0.5998925,1
0.8099196,1
0.5998925,1
0.9150127,1
0.5998925,1
0.8099196,1
0.5397961,1
0.8136992,1
0.8099196,1
0.87444586,1
0.46171144,0
0.86234033,1
0.8150972,1
0.7225651,1
0.67196155,1
0.18590145,0
0.5046504,1
0.44636282,0
0.23014495,0
0.79870635,1
0.49931183,0
0.71702284,1
0.6778461,1
0.89357114,1
0.6446791,1
0.9029184,1
0.83390427,1
0.45056552,0
0.8670801,1
0.8898501,1
0.8942559,1
0.38913977,0
0.8821497,1
0.27006966,0
0.47896582,0
0.66658264,1
0.1386583,0
0.21650586,0
0.16456683,0
0.61581135,1
0.17433886,0
0.14854625,0
0.17452875,0
0.44165784,0
0.17721981,0
0.3904487,0
0.117223196,0
0.06223343,0
0.32554734,0
0.19565304,0
0.09927079,0
0.19825436,0
0.5173108,1
0.3904487,0
0.48964608,0
0.81681126,1
0.46158752,0
0.2801937,0
0.17295736,0
0.26798373,0
0.49041504,0
0.8281016,1
0.5073859,1
0.29678258,0
0.19796814,0
0.42492336,0
0.35231122,0
0.29205233,0
0.83141154,1
0.620333,1
0.3051337,0
0.4310745,0
0.13710499,0
0.26419863,0
0.582979,1
0.31310415,0
0.2530257,0
0.81873256,1
0.33578303,0
0.5685239,1
0.4375788,0
0.52585995,1
0.8404148,1
0.75838405,1
0.3393948,0
0.34515625,0
0.28372675,0
0.35024995,0
0.28372675,0
0.64137745,1
0.5401046,1
0.5997124,1
0.8697361,1
0.46098456,0
0.39636928,0
0.6093014,1
0.75376505,1
0.23309183,0
0.6385842,1
0.6093014,1
0.33216274,0
0.42519408,0
0.2063919,0
0.10845611,0
0.22855558,0
0.21649456,0
0.15802231,0
0.72092,1
0.2257355,0
0.47636968,0
0.40208578,0
0.16008498,0
0.33798206,0
0.2836796,0
0.22972934,0
0.22577074,0
0.5621395,1
0.11418987,0
0.5969642,1
0.17541334,0
0.12475431,0
0.08237972,0
0.17541334,0
0.07839847,0
0.8922403,1
0.35001773,0
0.13136736,0
0.40543038,0
0.17541334,0
0.20093757,0
0.3021686,0
0.33067396,0
0.43503132,0
0.16786253,0
0.09498723,0
0.1327957,0
0.1450527,0
0.17065594,0
0.3264874,0
0.38238037,0
0.6772716,1
0.17571835,0
0.19791149,0
0.3444644,0
0.7034321,1
0.2800287,0
0.82815164,1
0.28097966,0
0.28792873,0
0.6940541,1
0.33599254,0
0.36046436,0
0.5525184,1
0.041201856,0
0.6360291,1
0.7964907,1
0.41308132,0
0.9183893,1
0.19675794,0
0.027570054,0
0.05671285,0
0.7721826,1
0.08932816,0
0.31313542,0
0.7721826,1
0.2270474,0
0.31444314,0
0.09259934,0
0.34669244,0
0.16002947,0
0.34669247,0
0.34669247,0
0.34281904,0
0.15162393,0
0.10576365,0
0.21605517,0
0.44875368,0
0.29791892,0
0.40444773,0
0.4841595,0
0.38574907,0
0.36394483,0
0.34025335,0
0.44875368,0
0.4161075,0
0.6061853,1
0.7203622,1
0.6061853,1
0.4756402,0
0.44875368,0
0.3894507,0
0.16394044,0
0.6331103,1
0.29681337,0
0.1252486,0
0.6331103,1
0.6331103,1
0.6331103,1
0.6331103,1
0.7393082,1
0.29681334,0
0.43461367,0
0.1911506,0
0.2940052,0
0.83931905,1
0.6331103,1
0.3461004,0
0.6331103,1
0.5111682,1
0.5380849,1
0.45474,0
0.79787356,1
0.39262635,0
0.7868319,1
0.66467685,1
0.43425494,0
0.5111877,1
0.82505155,1
0.7220187,1
0.36397696,0
0.907321,1
0.3483438,0
0.7435689,1
0.15996185,0
0.836729,1
0.46494403,0
0.30657735,0
0.9068794,1
0.42402196,0
0.38603294,0
0.49654907,0
0.386033,0
0.47390595,0
0.69023794,1
0.84101987,1
0.18369149,0
0.38526803,0
0.81661195,1
0.81661195,1
0.7655383,1
0.58922875,1
0.5020042,1
0.06733466,0
0.2300019,0
0.2296763,0
0.8442007,1
0.8280832,1
0.08604516,0
0.20866929,0
0.29409465,0
0.14098234,0
0.32693896,0
0.41147068,0
0.6071937,1
0.85763687,1
0.36292428,0
0.1646768,0
0.5475623,1
0.29737234,0
0.48898664,0
0.5391604,1
0.37608537,0
0.08641385,0
0.1989619,0
0.2631905,0
0.4620664,0
0.4571718,0
0.91171247,1
0.5563294,1
0.08069193,0
0.4349192,0
0.5199306,1
0.5181663,1
0.11215692,0
0.48774642,0
0.48986247,0
0.12300805,0
0.4393409,0
0.17318466,0
0.40429074,0
0.26200154,0
0.29903248,0
0.59455585,1
0.75329775,1
0.47304147,0
0.4646502,0
0.28701392,0
0.28701392,0
0.89960754,1
0.271976,0
0.32310256,0
0.051791593,0
0.35430768,0
0.05923186,0
0.3898221,0
0.63488233,1
0.157065,0
0.056760903,0
0.48999095,0
0.71640897,1
0.47000614,0
0.51167184,1
0.6172024,1
0.6897038,1
0.8796234,1
0.28272122,0
0.60552514,1
0.8443588,1
0.315861,0
0.35396445,0
0.4267346,0
0.7899273,1
0.8239404,1
0.5317288,1
0.79260117,1
0.32209057,0
0.35732803,0
0.10330271,0
0.29369208,0
0.75168896,1
0.76225305,1
0.61333174,1
0.38652918,0
0.45854682,0
0.45990124,0
0.5047351,1
0.27504912,0
0.6176296,1
0.57361853,1
0.6063765,1
0.4065769,0
0.76284885,1
0.6542339,1
0.09465727,0
0.15539369,0
0.15539369,0
0.40294358,0
0.09767614,0
0.058756035,0
0.28738314,0
0.1484547,0
0.7440378,1
0.09273916,0
0.07384738,0
0.5593175,1
0.34574443,0
0.28738317,0
0.38874292,0
0.1484547,0
0.44458348,0
0.7001038,1
0.74546564,1
0.44458348,0
0.51628834,1
0.43718714,0
0.3714365,0
0.8966858,1
0.7238579,1
0.74546564,1
0.24578303,0
0.10276566,0
0.73358995,1
0.44458348,0
0.42398146,0
0.91301,1
0.53107595,1
0.56049174,1
0.5106336,1
0.5106336,1
0.5106336,1
0.5106336,1
0.5106336,1
0.5106336,1
0.5106336,1
0.5106336,1
0.5106336,1
0.47590697,0
0.85568494,1
0.8810188,1
0.3790466,0
0.30408743,0
0.5106336,1
0.8566055,1
0.8509396,1
0.42625827,0
0.39185557,0
0.5057013,1
0.3214656,0
0.88835114,1
0.5527966,1
0.8208363,1
0.17646378,0
0.76249725,1
0.49023733,0
0.5792524,1
0.8088095,1
0.5660717,1
0.4107324,0
0.6754239,1
0.2777039,0
0.3883319,0
0.3105938,0
0.5584228,1
0.57152563,1
0.4316285,0
0.29903248,0
0.64151895,1
0.6173478,1
0.44056436,0
0.40687975,0
0.6955514,1
0.60916775,1
0.86681354,1
0.40465206,0
0.5598953,1
0.23675323,0
0.23870793,0
0.31404233,0
0.4735054,0
0.65403306,1
0.6628675,1
0.4902001,0
0.6366874,1
0.82806474,1
0.78481764,1
0.23685485,0
0.84795195,1
0.24017762,0
0.15039912,0
0.6110006,1
0.708023,1
0.36521873,0
0.6853323,1
0.8513676,1
0.57382655,1
0.40527403,0
0.30526304,0
0.45990953,0
0.16075665,0
0.24017762,0
0.7215234,1
0.30280554,0
0.36596316,0
0.708023,1
0.24017762,0
0.6110006,1
0.33561343,0
0.12837876,0
0.18865639,0
0.34591717,0
0.28696775,0
0.8890404,1
0.47556394,0
0.38031316,0
0.3487796,0
0.18629146,0
0.18924457,0
0.26792303,0
0.17392254,0
0.6762989,1
0.1868792,0
0.1151238,0
0.26657557,0
0.12600143,0
0.62226814,1
0.6700273,1
0.61046845,1
0.7454821,1
0.8155288,1
0.78842056,1
0.9177714,1
0.78842056,1
0.48783925,0
0.8595888,1
0.45665538,0
0.58388865,1
0.2845986,0
0.39138854,0
0.683512,1
0.36992913,0
0.6755355,1
0.29674092,0
0.41646373,0
0.8359052,1
0.80172765,1
0.574257,1
0.3652233,0
0.6267305,1
0.2893447,0
0.40614405,0
0.48643243,0
0.23789594,0
0.54774344,1
0.6094451,1
0.67648023,1
0.67181695,1
0.49075612,0
0.46224955,0
0.65214366,1
0.77633715,1
0.34998786,0
0.9047153,1
0.42213938,0
0.6799438,1
0.28593427,0
0.68008584,1
0.86379373,1
0.5991583,1
0.87708676,1
0.1167694,0
0.7850476,1
0.90363187,1
0.26694167,0
0.6692043,1
0.90074134,1
0.6702766,1
0.32898876,0
0.7261488,1
0.6383666,1
0.32898876,0
0.12997423,0
0.60767734,1
0.8866314,1
0.5423519,1
0.89612144,1
0.06869863,0
0.6820982,1
0.08260849,0
0.116578154,0
0.39301556,0
0.6784027,1
0.8817531,1
0.9168747,1
0.42229083,0
0.30155542,0
0.8411625,1
0.6570962,1
0.63490385,1
0.6568044,1
0.2596855,0
0.5939412,1
0.82619625,1
0.2823712,0
0.06725867,0
0.7288608,1
0.62597966,1
0.1111963,0
0.3537142,0
0.58930075,1
0.06758876,0
0.19730237,0
0.3090033,0
0.14557111,0
0.50068754,1
0.5207992,1
0.15991239,0
0.39479718,0
0.18501857,0
0.1889106,0
0.19518763,0
0.40691558,0
0.64951617,1
0.19730237,0
0.14439104,0
0.17295417,0
0.13835476,0
0.24630624,0
0.72257286,1
0.4746171,0
0.31630278,0
0.15465522,0
0.23888625,0
0.18630132,0
0.39032188,0
0.27858132,0
0.8484763,1
0.33393693,0
0.5798131,1
0.46794045,0
0.34806803,0
0.3231244,0
0.2947966,0
0.2685472,0
0.093056835,0
0.37804654,0
0.2541387,0
0.25862455,0
0.12884605,0
0.24843182,0
0.334563,0
0.50135416,1
0.25862455,0
0.25862455,0
0.7721086,1
0.15383123,0
0.2366335,0
0.58949137,1
0.14539446,0
0.6483124,1
0.52914774,1
0.671336,1
0.86326396,1
0.6034601,1
0.78976977,1
0.7650866,1
0.88404375,1
0.7046312,1
0.912571,1
0.5157095,1
0.7650866,1
0.85699975,1
0.65320635,1
0.77912945,1
0.28431153,0
0.47811168,0
0.77912945,1
0.65320635,1
0.65320635,1
0.77912945,1
0.7245728,1
0.55195975,1
0.77843857,1
0.49172357,0
0.25309497,0
0.6595673,1
0.76933855,1
0.4711687,0
0.55195975,1
0.5337142,1
0.18925193,0
0.22369878,0
0.41200078,0
0.72783774,1
0.1672173,0
0.26929277,0
0.0849371,0
0.20618242,0
0.2818757,0
0.102399625,0
0.39748892,0
0.25882626,0
0.24430935,0
0.19027436,0
0.14083813,0
0.69675076,1
0.5208932,1
0.5031118,1
0.071656324,0
0.41403562,0
0.49422362,0
0.45388314,0
0.6198677,1
0.4627216,0
0.3117596,0
0.24227928,0
0.1817877,0
0.8213941,1
0.66636884,1
0.33074942,0
0.91180736,1
0.41069788,0
0.60709614,1
0.89811414,1
0.8967515,1
0.7044,1
0.45711923,0
0.251985,0
0.58459777,1
0.3559211,0
0.7206902,1
0.79557997,1
0.56075215,1
0.79594296,1
0.6329162,1
0.7454376,1
0.35284802,0
0.7001411,1
0.5287381,1
0.6407563,1
0.5822237,1
0.30055946,0
0.33699623,0
0.34103686,0
0.5822237,1
0.56906676,1
0.5662313,1
0.77240056,1
0.6356,1
0.6770486,1
0.77240056,1
0.6534443,1
0.6154944,1
0.86545086,1
0.5449837,1
0.5449837,1
0.42156073,0
0.71614295,1
0.25314546,0
0.28087676,0
0.4853108,0
0.54498374,1
0.43668944,0
0.25314546,0
0.53638524,1
0.71614295,1
0.839341,1
0.84551835,1
0.7000423,1
0.39508227,0
0.53358275,1
0.91276646,1
0.93175346,1
0.3801618,0
0.80657345,1
0.90732104,1
0.55746883,1
0.91167116,1
0.42783964,0
0.90732104,1
0.29129168,0
0.7807232,1
0.90732104,1
0.60106003,1
0.6407695,1
0.35512418,0
0.8673503,1
0.061185583,0
0.17753907,0
0.0539144,0
0.18692315,0
0.16975728,0
0.13485353,0
0.16230004,0
0.18498182,0
0.050649222,0
0.45865393,0
0.084449865,0
0.36884698,0
0.16230004,0
0.16230004,0
0.16230004,0
0.2910421,0
0.06096493,0
0.48009875,0
0.36196712,0
0.09943475,0
0.48009875,0
0.10436331,0
0.23169057,0
0.16521613,0
0.10436331,0
0.19783664,0
0.13367815,0
0.10436332,0
0.44459733,0
0.2849033,0
0.094301745,0
0.24620892,0
0.18131772,0
0.5777128,1
0.7299495,1
0.6826967,1
0.12559724,0
0.31164536,0
0.458324,0
0.22677298,0
0.2908567,0
0.122070916,0
0.32092214,0
0.6510454,1
0.26658973,0
0.54972917,1
0.6072165,1
0.875564,1
0.6647844,1
0.5209033,1
0.2813706,0
0.13795337,0
0.80437565,1
0.39539564,0
0.36971566,0
0.62110484,1
0.6206992,1
0.40820333,0
0.09288269,0
0.1828163,0
0.24969219,0
0.33518746,0
0.28413403,0
0.40820333,0
0.22122733,0
0.40820333,0
0.51874757,1
0.11258355,0
0.20432381,0
0.40820333,0
0.33412877,0
0.33412877,0
0.86875266,1
0.28156197,0
0.46451697,0
0.28156197,0
0.20327163,0
0.13112898,0
0.12511301,0
0.25212514,0
0.49222943,0
0.66787255,1
0.07379053,0
0.7696556,1
0.689193,1
0.677539,1
0.71983904,1
0.2986968,0
0.71535057,1
0.2986968,0
0.63314337,1
0.106260695,0
0.15312074,0
0.49165282,0
0.44349387,0
0.5216295,1
0.3958614,0
0.7275717,1
0.2613287,0
0.4251509,0
0.37622014,0
0.41716042,0
0.5191865,1
0.56106627,1
0.5178875,1
0.40932134,0
0.53104377,1
0.82778436,1
0.53132015,1
0.20291746,0
0.56106627,1
0.3625596,0
0.25643933,0
0.28825572,0
0.23839974,0
0.42397842,0
0.09752488,0
0.6394516,1
0.5178875,1
0.28977257,0
0.6998516,1
0.56106627,1
0.82778436,1
0.38466382,0
0.88848525,1
0.8374709,1
0.38619772,0
0.64556146,1
0.22989966,0
0.33190802,0
0.14878304,0
0.59512395,1
0.6103796,1
0.47695562,0
0.7142508,1
0.48954472,0
0.4135606,0
0.4135606,0
0.088009685,0
0.4135606,0
0.4135606,0
0.4135606,0
0.4135606,0
0.4195897,0
0.4135606,0
0.4135607,0
0.4135607,0
0.4135606,0
0.41106611,0
0.74306357,1
0.43636054,0
0.84417796,1
0.42396945,0
0.28223497,0
0.8831998,1
0.34375185,0
0.1345687,0
0.7028664,1
0.43641484,0
0.27180296,0
0.4069828,0
0.38433704,0
0.18605483,0
0.34411237,0
0.27180296,0
0.34968078,0
0.28259417,0
0.6632518,1
0.06573895,0
0.8830707,1
0.60360193,1
0.6162894,1
0.9018409,1
0.7581409,1
0.119921476,0
0.69540215,1
0.80775714,1
0.27180293,0
0.3802467,0
0.2237262,0
0.31647107,0
0.32559624,0
0.7110987,1
0.28259417,0
0.17738953,0
0.2135705,0
0.27180296,0
0.46678618,0
0.28259417,0
0.328032,0
0.28259417,0
0.5650468,1
0.6427098,1
0.32593986,0
0.46828032,0
0.6087036,1
0.7030654,1
0.6866206,1
0.6551985,1
0.8588155,1
0.57378787,1
0.73132575,1
0.8137239,1
0.41249585,0
0.84255266,1
0.78679097,1
0.45285916,0
0.6335999,1
0.8100998,1
0.44568262,0
0.12361093,0
0.82465905,1
0.8062535,1
0.28845984,0
0.3767358,0
0.5339588,1
0.24507193,0
0.089045346,0
0.41928244,0
0.036213968,0
0.4650618,0
0.1958715,0
0.35389838,0
0.34417,0
0.26002774,0
0.22244631,0
0.16564457,0
0.20071936,0
0.13083012,0
0.044804092,0
0.1816225,0
0.18443555,0
0.0842408,0
0.18234523,0
0.07714981,0
0.3287185,0
0.30334267,0
0.41108873,0
0.3433636,0
0.52486587,1
0.18985689,0
0.524866,1
0.77629393,1
0.4264833,0
0.058736153,0
0.27137688,0
0.11373725,0
0.6986662,1
0.31989568,0
0.115764424,0
0.4789371,0
0.11985955,0
0.34576446,0
0.27669895,0
0.73767173,1
0.85745615,1
0.53998804,1
0.7921469,1
0.23255008,0
0.49108544,0
0.21295923,0
0.21295923,0
0.12837043,0
0.121001765,0
0.23582807,0
0.22212684,0
0.18844293,0
0.09579663,0
0.032689784,0
0.25839275,0
0.15469344,0
0.44818944,0
0.30097458,0
0.2620098,0
0.6340627,1
0.4093885,0
0.5233391,1
0.44818944,0
0.09570275,0
0.40883633,0
0.1803432,0
0.08870806,0
0.23687577,0
0.2938827,0
0.42666233,0
0.24028979,0
0.089533575,0
0.15638146,0
0.1423789,0
0.072036274,0
0.12290804,0
0.2376714,0
0.5694691,1
0.26155615,0
0.5533853,1
0.105310954,0
0.096429214,0
0.21824042,0
0.07919358,0
0.8532859,1
0.6869469,1
0.6198894,1
0.08713038,0
0.48450795,0
0.81428146,1
0.42793667,0
0.5244107,1
0.8950281,1
0.5867987,1
0.16819443,0
0.79596204,1
0.5081035,1
0.26535952,0
0.2857377,0
0.3704915,0
0.5371527,1
0.22230153,0
0.22817764,0
0.34146962,0
0.69917065,1
0.31297627,0
0.13114092,0
0.8121969,1
0.14940467,0
0.3664756,0
0.15173145,0
0.28034815,0
0.21809676,0
0.18880165,0
0.45110613,0
0.27932057,0
0.41013286,0
0.8849313,1
0.46662527,0
0.27795854,0
0.1442815,0
0.15809825,0
0.14428148,0
0.050878186,0
0.17011282,0
0.5222214,1
0.40684018,0
0.22559533,0
0.1442815,0
0.23600765,0
0.052958906,0
0.07111689,0
0.18267961,0
0.15106004,0
0.2358153,0
0.72055566,1
0.45588934,0
0.4558894,0
0.4558894,0
0.39809892,0
0.45588937,0
0.45588937,0
0.442563,0
0.31555653,0
0.72055566,1
0.8681293,1
0.39809892,0
0.45588934,0
0.8681293,1
0.31555653,0
0.6975832,1
0.1414874,0
0.68610054,1
0.7942496,1
0.7593698,1
0.11348131,0
0.38673225,0
0.24620748,0
0.7572119,1
0.567229,1
0.6250801,1
0.76782584,1
0.3731685,0
0.87458277,1
0.75808537,1
0.40732077,0
0.62123597,1
0.2533999,0
0.86761236,1
0.5080296,1
0.41382417,0
0.4579804,0
0.46405825,0
0.57136506,1
0.34769645,0
0.20397782,0
0.44842312,0
0.7714524,1
0.882529,1
0.47589952,0
0.26091266,0
0.6091955,1
0.5126062,1
0.31320086,0
0.79761666,1
0.3520408,0
0.20210226,0
0.3665326,0
0.8908229,1
0.072122924,0
0.58539766,1
0.35388604,0
0.25691628,0
0.31054682,0
0.6278462,1
0.3395983,0
0.7539882,1
0.5320201,1
0.19007567,0
0.2529032,0
0.39988104,0
0.20065463,0
0.48260662,0
0.052687,0
0.6872047,1
0.20655817,0
0.19222966,0
0.8251554,1
0.26744935,0
0.19688939,0
0.20775688,0
0.4764062,0
0.27378753,0
0.29932186,0
0.23453069,0
0.4857425,0
0.53124595,1
0.21721587,0
0.20847036,0
0.37608302,0
0.6485656,1
0.28354368,0
0.72096,1
0.26134598,0
0.40499312,0
0.18194748,0
0.334446,0
0.5387651,1
0.27830642,0
0.25450388,0
0.22982898,0
0.39133757,0
0.509013,1
0.44287753,0
0.5671273,1
0.44287753,0
0.25855547,0
0.7353209,1
0.44031987,0
0.6323211,1
0.8910185,1
0.07943616,0
0.62196314,1
0.4275162,0
0.12872602,0
0.15811194,0
0.8546169,1
0.7029371,1
0.5626666,1
0.1877236,0
0.4825813,0
0.7153122,1
0.22593075,0
0.25350833,0
0.330259,0
0.28991285,0
0.5292035,1
0.24578303,0
0.6770163,1
0.21664989,0
0.39637443,0
0.62217563,1
0.22593075,0
0.67231077,1
0.24578303,0
0.39637443,0
0.50262284,1
0.24578303,0
0.63775396,1
0.8310518,1
0.7277538,1
0.7854262,1
0.911183,1
0.25172192,0
0.6038313,1
0.8482336,1
0.6136181,1
0.26958603,0
0.5664,1
0.46301356,0
0.75400007,1
0.38669056,0
0.85627484,1
0.607027,1
0.6649916,1
0.40085462,0
0.841701,1
0.47907183,0
0.27421752,0
0.46501705,0
0.40033942,0
0.36490744,0
0.64549565,1
0.7559776,1
0.5081147,1
0.5081147,1
0.67586166,1
0.5490131,1
0.69329184,1
0.72345597,1
0.47554356,0
0.844332,1
0.6375951,1
0.6534585,1
0.87570846,1
0.81444293,1
0.8557426,1
0.8735208,1
0.7143788,1
0.41103962,0
0.7299013,1
0.4645221,0
0.6000727,1
0.49669564,0
0.7143787,1
0.64412546,1
0.11149396,0
0.6090287,1
0.49669564,0
0.1652781,0
0.73579735,1
0.8821673,1
0.43373954,0
0.34905812,0
0.2455086,0
0.8109307,1
0.14897403,0
0.41280678,0
0.38744953,0
0.15602277,0
0.16084445,0
0.7157839,1
0.38796008,0
0.21908283,0
0.2298052,0
0.7787837,1
0.2284948,0
0.632508,1
0.59541947,1
0.37970704,0
0.5738913,1
0.36719486,0
0.6323564,1
0.55287033,1
0.23812887,0
0.2284948,0
0.5036615,1
0.21579187,0
0.23812883,0
0.2284948,0
0.6918107,1
0.37487328,0
0.094278835,0
0.30986795,0
0.91259414,1
0.61206865,1
0.48067212,0
0.3795116,0
0.9261076,1
0.87199205,1
0.67634225,1
0.93959475,1
0.27641442,0
0.8807975,1
0.71342087,1
0.60082513,1
0.43713632,0
0.7949746,1
0.070163265,0
0.21915843,0
0.10011037,0
0.05583805,0
0.24835776,0
0.13685364,0
0.6265382,1
0.11925456,0
0.46633512,0
0.64547855,1
0.55836767,1
0.33835527,0
0.27789947,0
0.28883675,0
0.26769784,0
0.27789947,0
0.6214326,1
0.5083195,1
0.35724324,0
0.7866613,1
0.25143203,0
0.54414254,1
0.88294977,1
0.09120226,0
0.5206087,1
0.0766666,0
0.556886,1
0.77079,1
0.3720653,0
0.5683315,1
0.29116124,0
0.08249051,0
0.35139704,0
0.5148098,1
0.052891575,0
0.66036487,1
0.5891649,1
0.19718976,0
0.4402216,0
0.22944508,0
0.23610799,0
0.28676298,0
0.30395332,0
0.13415968,0
0.098264255,0
0.17211063,0
0.09315677,0
0.12839961,0
0.1233255,0
0.18689917,0
0.47178343,0
0.24578303,0
0.73942834,1
0.44010863,0
0.56983805,1
0.31285572,0
0.76625204,1
0.87588847,1
0.64929473,1
0.24559717,0
0.5217333,1
0.5902986,1
0.7903119,1
0.6391858,1
0.22508149,0
0.261463,0
0.8106067,1
0.38018754,0
0.725883,1
0.2669303,0
0.06814352,0
0.38404348,0
0.28853202,0
0.25885227,0
0.71024895,1
0.6604996,1
0.15169272,0
0.73999035,1
0.55161494,1
0.2639178,0
0.72528666,1
0.73008317,1
0.42119813,0
0.33257598,0
0.41620713,0
0.25729722,0
0.7117897,1
0.55161494,1
0.6547632,1
0.9037317,1
0.3402846,0
0.8571382,1
0.8721979,1
0.42346895,0
0.36744624,0
0.4312614,0
0.50692147,1
0.4554842,0
0.7817846,1
0.4759691,0
0.30461198,0
0.87365824,1
0.54177487,1
0.26028606,0
0.46208787,0
0.2543865,0
0.5271043,1
0.7507996,1
0.39675963,0
0.39513192,0
0.300488,0
0.7726021,1
0.3815469,0
0.2879378,0
0.2522637,0
0.38507745,0
0.375527,0
0.56601715,1
0.85883677,1
0.16771747,0
0.17684925,0
0.3365734,0
0.66916233,1
0.29698253,0
0.33870536,0
0.27228314,0
0.08103277,0
0.8671662,1
0.3586391,0
0.8671662,1
0.8124525,1
0.251471,0
0.15587685,0
0.5885468,1
0.25171822,0
0.57877207,1
0.39617908,0
0.64989686,1
0.7147653,1
0.8466053,1
0.76070684,1
0.28815603,0
0.53989893,1
0.7487588,1
0.62874585,1
0.6082308,1
0.83504134,1
0.63870686,1
0.4598726,0
0.1467906,0
0.12057869,0
0.8795155,1
0.5601104,1
0.5910675,1
0.58564734,1
0.6475299,1
0.62756515,1
0.2769507,0
0.40865615,0
0.90044546,1
0.5225007,1
0.6102464,1
0.76363623,1
0.572292,1
0.81796396,1
0.71464056,1
0.15656336,0
0.14958139,0
0.3150063,0
0.88289845,1
0.28449774,0
0.04867643,0
0.18084598,0
0.40875527,0
0.51408106,1
0.30681834,0
0.14345832,0
0.36816925,0
0.43040282,0
0.33209363,0
0.20107791,0
0.24663067,0
0.5385739,1
0.28550422,0
0.67838484,1
0.7786664,1
0.365335,0
0.17362437,0
0.5060578,1
0.35695374,0
0.8824231,1
0.17064995,0
0.07746252,0
0.16217996,0
0.1448911,0
0.0552848,0
0.44281667,0
0.30049357,0
0.24546179,0
0.41599116,0
0.7690755,1
0.4806659,0
0.5066014,1
0.5704812,1
0.18760912,0
0.24578303,0
0.08814911,0
0.1730392,0
0.13153563,0
0.20724885,0
0.17087756,0
0.43998015,0
0.09539171,0
0.6251061,1
0.8309697,1
0.24488094,0
0.73510396,1
0.88999605,1
0.5505747,1
0.8610699,1
0.8607332,1
0.88434374,1
0.16607557,0
0.49898067,0
0.75485253,1
0.8858476,1
0.35398352,0
0.87413347,1
0.6394783,1
0.31444585,0
0.35365236,0
0.6176758,1
0.88898575,1
0.5153694,1
0.4989806,0
0.858099,1
0.5344019,1
0.70712703,1
0.6055594,1
0.55913377,1
0.3414392,0
0.8812151,1
0.5024573,1
0.26528546,0
0.45229456,0
0.8997776,1
0.47751978,0
0.9000376,1
0.3666529,0
0.63832086,1
0.4441563,0
0.2115096,0
0.8259059,1
0.9144181,1
0.70154715,1
0.28172427,0
0.27826333,0
0.17916656,0
0.1496356,0
0.8947357,1
0.1867377,0
0.5936957,1
0.24768788,0
0.15955958,0
0.20379728,0
0.64036286,1
0.3340478,0
0.38545683,0
0.35842538,0
0.38545686,0
0.47916248,0
0.33404782,0
0.38545686,0
0.6802826,1
0.35842538,0
0.38545686,0
0.10657792,0
0.2348176,0
0.30095163,0
0.68745196,1
0.48828378,0
0.27953783,0
0.22522907,0
0.18876347,0
0.11926372,0
0.38171393,0
0.26195666,0
0.26929653,0
0.2946255,0
0.15781574,0
0.43023255,0
0.29930404,0
0.85691637,1
0.20756663,0
0.9058642,1
0.7311989,1
0.6778648,1
0.07839847,0
0.38458183,0
